{"sky_ad":[{"id":"5","tag_id":"22","title":"\u7f8e\u59731","info":"","link1":"","link2":"","starttime":"1464260740","endtime":"1590491141","imgurl":"attach\/2016\/05\/27\/c5f5e9b44f33f239b81f52dd508c90b2.jpg","orderindex":"0","status":"2","dateline":"1464314527","imgurl2":""},{"id":"6","tag_id":"22","title":"\u7f8e\u59732","info":"","link1":"","link2":"","starttime":"1464271501","endtime":"1495807503","imgurl":"attach\/2016\/05\/27\/ea6b3cb0829235c249dceed6bbc17a32.jpg","orderindex":"0","status":"2","dateline":"1464314517","imgurl2":""},{"id":"7","tag_id":"22","title":"\u7f8e\u59733","info":"\u7f8e\u59733","link1":"","link2":"","starttime":"1464275137","endtime":"1466953598","imgurl":"attach\/2016\/05\/27\/b137494ce27f2395149b1fa4493bfbfb.jpg","orderindex":"0","status":"2","dateline":"1464314510","imgurl2":""}],"sky_ad_tags":[{"tag_id":"21","title":"\u9996\u9875\u5e7f\u544a","orderindex":"0","pid":"0","status":"2","dateline":"1464262708","m":"","a":"","width":"0","height":"0","tagno":"index"},{"tag_id":"22","title":"\u9996\u9875-\u5934\u6761","orderindex":"0","pid":"21","status":"2","dateline":"1464262751","m":"","a":"","width":"1120","height":"240","tagno":"index_flash"}],"sky_admin":[{"id":"2","username":"admin","password":"5d80253b1cd5e5d4ca5ed539f4d72052","salt":"1234"}],"sky_article":[{"id":"1","title":"\u5927\u5bb6\u597d2","catid":"1","keywords":"\u5927\u5bb6\u597d","description":"\u5927\u5bb6\u597d","dateline":"1464267368","bstatus":"2","is_img":"1","imgurl":"attach\/2016\/05\/27\/cd2bb6f7d78d2d8f2ca257a534ad2e0b.jpg","is_temp":"0","last_time":"1464267368","is_recommend":"1","isnew":"1","ishot":"1","view_num":"3","price":"120.00","market_price":"150.00","total_num":"120","sold_num":"1230","content":"<p>\u5927\u5bb6\u597d<\/p>","tpl":"","grade":"110"},{"id":"2","title":"\u6211\u60f3\u54a8\u8be2\u4e0b\u600e\u4e48\u8d2d\u4e70","catid":"1","keywords":"\u6211\u60f3\u54a8\u8be2\u4e0b\u600e\u4e48\u8d2d\u4e70","description":"\u6211\u60f3\u54a8\u8be2\u4e0b\u600e\u4e48\u8d2d\u4e70","dateline":"1464269294","bstatus":"2","is_img":"1","imgurl":"attach\/2016\/05\/27\/ab6173cb90f5c8fe4594b8b6ee75d31c.jpg","is_temp":"0","last_time":"1464269294","is_recommend":"1","isnew":"1","ishot":"1","view_num":"2","price":"10.00","market_price":"12.00","total_num":"1110","sold_num":"120","content":"","tpl":"","grade":"1230"},{"id":"3","title":"skyCom\u6b63\u5f0f\u53d1\u5e03\u5566","catid":"7","keywords":"skyCom\u6b63\u5f0f\u53d1\u5e03\u5566","description":"skyCom\u6b63\u5f0f\u53d1\u5e03\u5566","dateline":"1464271871","bstatus":"2","is_img":"0","imgurl":"","is_temp":"1","last_time":"1464271871","is_recommend":"0","isnew":"0","ishot":"0","view_num":"0","price":"0.00","market_price":"0.00","total_num":"0","sold_num":"0","content":"<p>skyCom\u6b63\u5f0f\u53d1\u5e03\u5566skyCom\u6b63\u5f0f\u53d1\u5e03\u5566skyCom\u6b63\u5f0f\u53d1\u5e03\u5566skyCom\u6b63\u5f0f\u53d1\u5e03\u5566<\/p>","tpl":"","grade":"0"}],"sky_category":[{"catid":"1","pid":"0","cname":"\u4ea7\u54c1\u4e2d\u5fc3","orderindex":"9999","list_tpl":"article\/list_product.html","show_tpl":"article\/show_product.html","title":"","keywords":"","description":"","bstatus":"1","logo":"attach\/2016\/05\/26\/d2a2a334a7b9d9b01d6f171f323dc760.gif","level":"1"},{"catid":"2","pid":"1","cname":"\u65b0\u95fb1","orderindex":"0","list_tpl":"","show_tpl":"","title":"\u65b0\u95fb1","keywords":"\u65b0\u95fb1","description":"\u65b0\u95fb1","bstatus":"1","logo":"attach\/2016\/05\/26\/eecaa48da8c8dc264d2440885564be80.gif","level":"2"},{"catid":"3","pid":"1","cname":"\u65b0\u95fb2","orderindex":"0","list_tpl":"","show_tpl":"","title":"\u65b0\u95fb2","keywords":"\u65b0\u95fb2","description":"\u65b0\u95fb2","bstatus":"1","logo":"\/static\/images\/category_logo.jpg","level":"2"},{"catid":"4","pid":"1","cname":"\u65b0\u95fb3","orderindex":"0","list_tpl":"","show_tpl":"","title":"\u65b0\u95fb3","keywords":"\u65b0\u95fb3","description":"\u65b0\u95fb3","bstatus":"1","logo":"\/static\/images\/category_logo.jpg","level":"2"},{"catid":"5","pid":"1","cname":"\u65b0\u95fb4","orderindex":"0","list_tpl":"","show_tpl":"","title":"\u65b0\u95fb4","keywords":"\u65b0\u95fb4","description":"\u65b0\u95fb4","bstatus":"1","logo":"\/static\/images\/category_logo.jpg","level":"2"},{"catid":"6","pid":"1","cname":"\u65b0\u95fb4","orderindex":"9999","list_tpl":"","show_tpl":"","title":"","keywords":"","description":"","bstatus":"99","logo":"","level":"2"},{"catid":"7","pid":"0","cname":"\u4f01\u4e1a\u65b0\u95fb","orderindex":"9999","list_tpl":"","show_tpl":"","title":"","keywords":"","description":"","bstatus":"1","logo":"","level":"1"}],"sky_dbsession":[{"id":"f9p3s7kjijvp62n6k70gdm3de1","data":"Y2hlY2tjb2RlfGk6MDtzc2FkbWlufGE6Mzp7czoyOiJpZCI7czoxOiIyIjtzOjg6InVzZXJuYW1lIjtzOjU6ImFkbWluIjtzOjQ6InNhbHQiO3M6NDoiMTIzNCI7fQ==","dateline":"1464318442"},{"id":"rl3dmfd089rqnbvc2c93e2uf46","data":"","dateline":"1464318346"}],"sky_guest":[{"id":"9","title":"\u4f60\u597d","userid":"0","catid":"1","bstatus":"0","email":"362606856@qq.com","qq":"32323","dateline":"1463968960","content":"\u4f60\u597d","reply_content":"","reply_time":""},{"id":"10","title":"\u6211\u60f3\u54a8\u8be2\u4e0b\u600e\u4e48\u8d2d\u4e70","userid":"0","catid":"1","bstatus":"0","email":"362606856@qq.com","qq":"","dateline":"1463969191","content":"\u6211\u60f3\u54a8\u8be2\u4e0b\u600e\u4e48\u8d2d\u4e70","reply_content":"","reply_time":""},{"id":"11","title":"\u963f\u65af\u8fbe","userid":"0","catid":"1","bstatus":"0","email":"362606856@qq.com","qq":"23123","dateline":"1463969623","content":"\u963f\u65af\u8fbe","reply_content":"","reply_time":""},{"id":"12","title":"\u6211\u7684","userid":"1","catid":"1","bstatus":"0","email":"362606856@qq.com","qq":"32323","dateline":"1463969667","content":"\u963f\u65af\u8fbe","reply_content":"","reply_time":""},{"id":"13","title":"\u6211\u7684\u7559\u8a00","userid":"221","catid":"1","bstatus":"0","email":"362606856@qq.com","qq":"121","dateline":"1463970677","content":"\u6211\u7684\u7559\u8a00\u554a\u5b9e\u6253\u5b9e\u7684wec","reply_content":"","reply_time":"1463969857"},{"id":"14","title":"asdx\u989d\u5916\u4f01\u9e45","userid":"221","catid":"1","bstatus":"2","email":"362606856@qq.com","qq":"231","dateline":"1463971571","content":"\u963f\u65af\u8fbe","reply_content":"\u5f88\u5feb\u89e3\u51b3","reply_time":"1463971571"}],"sky_hello":[{"id":"1","title":"asd","content":"asd","dateline":"0","bstatus":"11"},{"id":"2","title":"asdxxxxx","content":"asd","dateline":"1463828847","bstatus":"2"},{"id":"3","title":"asda","content":"sdasdasd","dateline":"1463830029","bstatus":"6"}],"sky_html":[{"id":"1","title":"\u5173\u4e8e\u6211\u4eec","word":"\u5173\u4e8e\u6211\u4eec","dateline":"1464273618","info":"<p>\u5173\u4e8e\u6211\u4eec<\/p>","content":"<p>\u5173\u4e8e\u6211\u4eec<\/p>","bstatus":"2"},{"id":"2","title":"\u8054\u7cfb\u6211\u4eec","word":"\u8054\u7cfb\u6211\u4eec","dateline":"1464313171","info":"<p>\u8054\u7cfb\u6211\u4eec<\/p>","content":"<p>\u8054\u7cfb\u6211\u4eecasdasd<\/p>","bstatus":"2"}],"sky_imgs":[{"id":"10","tablename":"article","object_id":"2","imgurl":"attach\/2016\/05\/27\/208d32afcfe626e99d48da21789d1954.jpg","title":"","orderindex":"0"},{"id":"11","tablename":"article","object_id":"2","imgurl":"attach\/2016\/05\/27\/aad2c05c43017755ceec0be07b2c12b3.jpg","title":"","orderindex":"0"},{"id":"12","tablename":"article","object_id":"2","imgurl":"attach\/2016\/05\/27\/5537454b727d4a6bef18b7e12a1ae912.jpg","title":"","orderindex":"0"},{"id":"13","tablename":"article","object_id":"1","imgurl":"attach\/2016\/05\/27\/d1153c93a7c466468afb6e0761760fbf.jpg","title":"","orderindex":"0"},{"id":"14","tablename":"article","object_id":"1","imgurl":"attach\/2016\/05\/27\/4088a75160debdf5f1e5c1b3a70d3492.jpg","title":"","orderindex":"0"},{"id":"15","tablename":"article","object_id":"1","imgurl":"attach\/2016\/05\/27\/612ac5b4ea671440bb3f0084dd0f6cb2.jpg","title":"","orderindex":"0"}],"sky_link":[{"id":"1","title":"\u767e\u5ea6","link_url":"http:\/\/www.baidu.com","link_img":"attach\/2016\/05\/26\/57cd2b5bb9f2da8fbb189fd58e6741aa.gif","type_id":"2","orderindex":"1","is_img":"1"}],"sky_navbar":[{"id":"1","title":"\u7f51\u7ad9\u7ba1\u7406","orderindex":"0","link_url":"?m=index&amp;a=left&amp;id=2","target":"_self","pid":"0","group_id":"1","m":"","a":"","bstatus":"1","logo":"","aclabel":"","acvalue":""},{"id":"2","title":"\u7f51\u7ad9\u7ba1\u7406","orderindex":"0","link_url":"#","target":"_self","pid":"0","group_id":"2","m":"","a":"","bstatus":"1","logo":"","aclabel":"","acvalue":""},{"id":"3","title":"\u7f51\u7ad9\u7ba1\u7406","orderindex":"3","link_url":"?m=sites","target":"_self","pid":"2","group_id":"2","m":"?m=sites","a":"default","bstatus":"1","logo":"","aclabel":"","acvalue":""},{"id":"4","title":"\u5bfc\u822a\u7ba1\u7406","orderindex":"4","link_url":"?m=navbar&amp;group_id=1","target":"_self","pid":"2","group_id":"2","m":"navbar","a":"default","bstatus":"1","logo":"","aclabel":"","acvalue":""},{"id":"5","title":"\u6587\u7ae0\u7ba1\u7406","orderindex":"2","link_url":"?m=article","target":"_self","pid":"2","group_id":"2","m":"article","a":"default","bstatus":"1","logo":"","aclabel":"","acvalue":""},{"id":"6","title":"\u5206\u7c7b\u7ba1\u7406","orderindex":"1","link_url":"?m=category","target":"_self","pid":"2","group_id":"2","m":"category","a":"default","bstatus":"1","logo":"","aclabel":"","acvalue":""},{"id":"7","title":"\u5e7f\u544a\u7ba1\u7406","orderindex":"5","link_url":"?m=ad","target":"_self","pid":"2","group_id":"2","m":"ad","a":"default","bstatus":"1","logo":"","aclabel":"","acvalue":""},{"id":"8","title":"\u7559\u8a00\u7ba1\u7406","orderindex":"6","link_url":"?m=guest","target":"_self","pid":"2","group_id":"2","m":"guest","a":"default","bstatus":"1","logo":"","aclabel":"","acvalue":""},{"id":"9","title":"\u5355\u9875\u7ba1\u7406","orderindex":"7","link_url":"?m=html","target":"_self","pid":"2","group_id":"2","m":"html","a":"default","bstatus":"1","logo":"","aclabel":"","acvalue":""},{"id":"10","title":"\u53cb\u60c5\u94fe\u63a5","orderindex":"8","link_url":"?m=link","target":"_self","pid":"2","group_id":"2","m":"link","a":"default","bstatus":"1","logo":"","aclabel":"","acvalue":""},{"id":"11","title":"\u7ba1\u7406\u5458","orderindex":"0","link_url":"?m=admin","target":"_self","pid":"2","group_id":"2","m":"admin","a":"default","bstatus":"1","logo":"","aclabel":"","acvalue":""},{"id":"12","title":"\u9996\u9875","orderindex":"1","link_url":"\/index.php","target":"_self","pid":"0","group_id":"3","m":"index","a":"default","bstatus":"1","logo":"","aclabel":"","acvalue":""},{"id":"13","title":"\u4ea7\u54c1\u4e2d\u5fc3","orderindex":"2","link_url":"\/index.php?m=article&amp;a=list&amp;catid=1","target":"_self","pid":"0","group_id":"3","m":"article","a":"list","bstatus":"1","logo":"","aclabel":"catid","acvalue":"1"},{"id":"14","title":"\u4f01\u4e1a\u65b0\u95fb","orderindex":"3","link_url":"\/index.php?m=article&amp;a=list&amp;catid=7","target":"_self","pid":"0","group_id":"3","m":"article","a":"list","bstatus":"1","logo":"","aclabel":"catid","acvalue":"7"},{"id":"15","title":"\u5173\u4e8e\u6211\u4eec","orderindex":"4","link_url":"\/index.php?m=html&amp;a=aboutus","target":"_self","pid":"0","group_id":"3","m":"html","a":"aboutus","bstatus":"1","logo":"","aclabel":"","acvalue":""},{"id":"16","title":"\u8054\u7cfb\u6211\u4eec","orderindex":"5","link_url":"\/index.php?m=html&amp;a=contact","target":"_self","pid":"0","group_id":"3","m":"html","a":"contact","bstatus":"1","logo":"","aclabel":"","acvalue":""},{"id":"17","title":"\u5728\u7ebf\u7559\u8a00","orderindex":"6","link_url":"\/index.php?m=guest","target":"_self","pid":"0","group_id":"3","m":"guest","a":"default","bstatus":"1","logo":"","aclabel":"","acvalue":""},{"id":"18","title":"\u4f1a\u5458\u7ba1\u7406","orderindex":"0","link_url":"?m=user","target":"_self","pid":"2","group_id":"2","m":"user","a":"default","bstatus":"1","logo":"","aclabel":"","acvalue":""},{"id":"19","title":"\u4ea7\u54c1\u4e2d\u5fc3","orderindex":"1","link_url":"\/index.php?m=article&amp;a=list&amp;catid=1","target":"_self","pid":"0","group_id":"5","m":"","a":"","bstatus":"1","logo":"attach\/2016\/05\/27\/1e5bd5db3c1aa561b1d137372a9770df.png","aclabel":"","acvalue":""},{"id":"20","title":"\u65b0\u95fb\u8d44\u8baf","orderindex":"2","link_url":"\/index.php?m=article&amp;a=list&amp;catid=7","target":"_self","pid":"0","group_id":"5","m":"","a":"","bstatus":"1","logo":"attach\/2016\/05\/27\/8e44ccec1ed5d8e2e1d577c023e769d5.png","aclabel":"","acvalue":""},{"id":"21","title":"\u5173\u4e8e\u6211\u4eec","orderindex":"3","link_url":"\/index.php?m=html&amp;a=aboutus","target":"_self","pid":"0","group_id":"5","m":"","a":"","bstatus":"1","logo":"attach\/2016\/05\/27\/ed7ee94859b4df409d9bf0b56d8d51cc.png","aclabel":"","acvalue":""},{"id":"22","title":"\u8054\u7cfb\u6211\u4eec","orderindex":"4","link_url":"\/index.php?m=html&amp;a=contact","target":"_self","pid":"0","group_id":"5","m":"","a":"","bstatus":"0","logo":"attach\/2016\/05\/27\/95944b5cd9b9ec5bd387934e741324a7.png","aclabel":"","acvalue":""},{"id":"23","title":"\u7559\u8a00\u53cd\u9988","orderindex":"5","link_url":"\/index.php?m=guest","target":"_self","pid":"0","group_id":"5","m":"","a":"","bstatus":"1","logo":"attach\/2016\/05\/27\/bfc87ccec2677d5627b4a33f538b1014.png","aclabel":"","acvalue":""}],"sky_sites":[{"siteid":"1","sitename":"\u9ed8\u8ba4\u7ad9\u70b9","domain":"","is_open":"1","title":"skyCom\u662f\u6700\u7b80\u5355\u7684\u4f01\u4e1a\u7f51\u7ad9\u7ba1\u7406\u7cfb\u7edf","keywords":"skyCom\u662f\u6700\u7b80\u5355\u7684\u4f01\u4e1a\u7f51\u7ad9\u7ba1\u7406\u7cfb\u7edf","description":"skyCom\u662f\u6700\u7b80\u5355\u7684\u4f01\u4e1a\u7f51\u7ad9\u7ba1\u7406\u7cfb\u7edf","close_why":"","logo":"attach\/2016\/05\/27\/751861943f7d00c4f9d47065bef7895a.png","icp":"","status":"0","template":"index","statjs":"","index_template":"","wap_template":"wap","wapbg":""}],"sky_user":[{"userid":"221","nickname":"lrjxgl","username":"lrjxgl","gender":"0","user_head":"attach\/2016\/05\/27\/cd39d139f98bb02cf091079a669bbc94.jpg","last_time":"1988-02-01 12:12:12","salt":"7440","password":"e9cc2d6d766f8307d69e335d59910ad8","telephone":"1028400187","reg_time":"2016-05-11 14:53:01","bstatus":"0"},{"userid":"222","nickname":"wslrj","username":"wslrj","gender":"0","user_head":"attach\/2016\/05\/27\/58697a8797af3484466c9df2c0c02458.jpg","last_time":"1988-02-01 12:12:12","salt":"5987","password":"","telephone":"15985840591","reg_time":"2016-05-11 14:53:01","bstatus":"1"}]}