{"sky_ad":"CREATE TABLE `sky_ad` (\n  `id` int(11) NOT NULL AUTO_INCREMENT,\n  `tag_id` int(11) NOT NULL DEFAULT '0',\n  `title` varchar(50) NOT NULL DEFAULT '' COMMENT '\u540d\u79f0',\n  `info` varchar(225) NOT NULL DEFAULT '' COMMENT '\u7b80\u4ecb',\n  `link1` varchar(400) NOT NULL DEFAULT '' COMMENT '\u94fe\u63a51',\n  `link2` varchar(400) NOT NULL DEFAULT '' COMMENT '\u94fe\u63a52',\n  `starttime` int(11) NOT NULL DEFAULT '0' COMMENT '\u5f00\u59cb\u65f6\u95f4',\n  `endtime` int(11) NOT NULL DEFAULT '0' COMMENT '\u7ed3\u675f\u65f6\u95f4',\n  `imgurl` varchar(225) NOT NULL DEFAULT '' COMMENT '\u56fe\u7247\u5730\u5740',\n  `orderindex` tinyint(4) NOT NULL DEFAULT '0',\n  `status` tinyint(4) NOT NULL DEFAULT '1',\n  `dateline` int(11) NOT NULL DEFAULT '0',\n  `imgurl2` varchar(225) DEFAULT NULL,\n  PRIMARY KEY (`id`),\n  KEY `tag_id` (`tag_id`) \n) ENGINE=InnoDB AUTO_INCREMENT=8 DEFAULT CHARSET=utf8","sky_ad_tags":"CREATE TABLE `sky_ad_tags` (\n  `tag_id` int(11) NOT NULL AUTO_INCREMENT,\n  `title` varchar(50) NOT NULL DEFAULT '',\n  `orderindex` tinyint(4) NOT NULL DEFAULT '0',\n  `pid` int(11) NOT NULL DEFAULT '0',\n  `status` tinyint(4) NOT NULL DEFAULT '1',\n  `dateline` int(11) NOT NULL DEFAULT '0',\n  `m` varchar(20) NOT NULL DEFAULT 'index',\n  `a` varchar(20) NOT NULL DEFAULT 'default',\n  `width` smallint(6) NOT NULL DEFAULT '0',\n  `height` smallint(6) NOT NULL DEFAULT '0',\n  `tagno` varchar(32) NOT NULL DEFAULT '',\n  PRIMARY KEY (`tag_id`)\n) ENGINE=InnoDB AUTO_INCREMENT=23 DEFAULT CHARSET=utf8","sky_admin":"CREATE TABLE `sky_admin` (\n  `id` int(11) NOT NULL AUTO_INCREMENT,\n  `username` varchar(32) NOT NULL COMMENT '\u8d26\u6237\u540d',\n  `password` varchar(32) NOT NULL COMMENT '\u5bc6\u7801',\n  `salt` smallint(6) NOT NULL COMMENT '\u52a0\u5bc6\u4e32',\n  PRIMARY KEY (`id`)\n) ENGINE=InnoDB AUTO_INCREMENT=3 DEFAULT CHARSET=utf8 COMMENT='\u7ba1\u7406\u5458'","sky_article":"CREATE TABLE `sky_article` (\n  `id` bigint(20) unsigned NOT NULL AUTO_INCREMENT,\n  `title` varchar(50) NOT NULL DEFAULT '' COMMENT '\u6807\u9898',\n  `catid` int(10) unsigned NOT NULL DEFAULT '0' COMMENT '\u5206\u7c7b',\n  `keywords` varchar(255) NOT NULL DEFAULT '' COMMENT '\u5173\u952e\u5b57',\n  `description` varchar(255) NOT NULL DEFAULT '' COMMENT '\u63cf\u8ff0',\n  `dateline` int(10) unsigned NOT NULL DEFAULT '0' COMMENT '\u53d1\u5e03\u65f6\u95f4',\n  `bstatus` tinyint(3) unsigned NOT NULL DEFAULT '1' COMMENT '\u72b6\u6001',\n  `is_img` tinyint(4) unsigned NOT NULL DEFAULT '0' COMMENT '\u662f\u5426\u6709\u5c01\u9762',\n  `imgurl` varchar(225) NOT NULL DEFAULT '' COMMENT '\u5c01\u9762\u56fe\u7247',\n  `is_temp` tinyint(4) unsigned NOT NULL DEFAULT '0' COMMENT '\u4e34\u65f6\u6570\u636e',\n  `last_time` int(11) unsigned NOT NULL DEFAULT '0' COMMENT '\u6700\u540e\u53d1\u5e03\u65f6\u95f4',\n  `is_recommend` tinyint(4) unsigned NOT NULL DEFAULT '0' COMMENT '\u63a8\u8350',\n  `isnew` tinyint(4) unsigned NOT NULL DEFAULT '0' COMMENT '\u6700\u65b0',\n  `ishot` tinyint(4) unsigned NOT NULL DEFAULT '0' COMMENT '\u6700\u70ed',\n  `view_num` int(11) unsigned NOT NULL DEFAULT '0' COMMENT '\u8bbf\u95ee\u6570',\n  `price` decimal(9,2) unsigned NOT NULL DEFAULT '0.00' COMMENT '\u4ea7\u54c1\u4ef7\u683c',\n  `market_price` decimal(9,2) unsigned NOT NULL DEFAULT '0.00' COMMENT '\u5e02\u573a\u4ef7\u683c',\n  `total_num` int(10) unsigned NOT NULL DEFAULT '0' COMMENT '\u5e93\u5b58\u6570',\n  `sold_num` int(10) unsigned NOT NULL DEFAULT '0' COMMENT '\u9500\u552e\u6570',\n  `content` mediumtext COMMENT '\u5185\u5bb9',\n  `tpl` varchar(50) NOT NULL DEFAULT '' COMMENT '\u8be6\u60c5\u6a21\u677f',\n  `grade` int(10) unsigned NOT NULL DEFAULT '0',\n  PRIMARY KEY (`id`),\n  KEY `catid` (`catid`,`id`)\n) ENGINE=InnoDB AUTO_INCREMENT=4 DEFAULT CHARSET=utf8 COMMENT='\u8d44\u8baf'","sky_category":"CREATE TABLE `sky_category` (\n  `catid` int(11) NOT NULL AUTO_INCREMENT,\n  `pid` int(11) unsigned NOT NULL DEFAULT '0' COMMENT '\u4e0a\u7ea7\u5206\u7c7b',\n  `cname` varchar(20) NOT NULL DEFAULT '' COMMENT '\u5206\u7c7b\u540d\u79f0',\n  `orderindex` smallint(6) NOT NULL DEFAULT '0' COMMENT '\u6392\u5e8f',\n  `list_tpl` varchar(50) NOT NULL DEFAULT '' COMMENT '\u5217\u8868\u6a21\u677f',\n  `show_tpl` varchar(50) NOT NULL DEFAULT '' COMMENT '\u8be6\u60c5\u6a21\u677f',\n  `title` varchar(255) NOT NULL DEFAULT '' COMMENT '\u6807\u9898',\n  `keywords` varchar(255) NOT NULL DEFAULT '' COMMENT '\u5173\u952e\u5b57',\n  `description` varchar(255) NOT NULL DEFAULT '' COMMENT '\u63cf\u8ff0',\n  `bstatus` tinyint(4) NOT NULL DEFAULT '1' COMMENT '\u72b6\u6001',\n  `logo` varchar(225) DEFAULT '\/static\/images\/category_logo.jpg' COMMENT '\u56fe\u6807',\n  `level` tinyint(4) unsigned NOT NULL DEFAULT '0' COMMENT '\u7ea7\u6570',\n  PRIMARY KEY (`catid`)\n) ENGINE=InnoDB AUTO_INCREMENT=8 DEFAULT CHARSET=utf8 COMMENT='\u5206\u7c7b'","sky_dbsession":"CREATE TABLE `sky_dbsession` (\n  `id` char(100) NOT NULL,\n  `data` text NOT NULL,\n  `dateline` int(10) unsigned NOT NULL,\n  PRIMARY KEY (`id`),\n  KEY `dateline` (`dateline`)\n) ENGINE=InnoDB DEFAULT CHARSET=utf8 COMMENT='session'","sky_guest":"CREATE TABLE `sky_guest` (\n  `id` int(11) NOT NULL AUTO_INCREMENT,\n  `title` varchar(50) DEFAULT '' COMMENT '\u4e3b\u9898',\n  `userid` int(10) unsigned NOT NULL DEFAULT '0' COMMENT '\u7528\u6237id',\n  `catid` tinyint(4) unsigned NOT NULL DEFAULT '0' COMMENT '\u7c7b\u578b',\n  `bstatus` tinyint(1) unsigned NOT NULL DEFAULT '0' COMMENT '\u72b6\u6001',\n  `email` varchar(50) DEFAULT '0' COMMENT '\u90ae\u7bb1',\n  `qq` varchar(15) NOT NULL DEFAULT '' COMMENT 'QQ',\n  `dateline` int(11) unsigned NOT NULL DEFAULT '0' COMMENT '\u7559\u8a00\u65f6\u95f4',\n  `content` text COMMENT '\u7559\u8a00\u5185\u5bb9',\n  `reply_content` text COMMENT '\u56de\u590d\u5185\u5bb9',\n  `reply_time` int(11) unsigned DEFAULT NULL COMMENT '\u56de\u590d\u65f6\u95f4',\n  PRIMARY KEY (`id`),\n  KEY `userid` (`userid`,`id`) \n) ENGINE=MyISAM AUTO_INCREMENT=15 DEFAULT CHARSET=utf8 COMMENT='\u7559\u8a00\u677f'","sky_hello":"CREATE TABLE `sky_hello` (\n  `id` int(10) unsigned NOT NULL AUTO_INCREMENT,\n  `title` varchar(32) NOT NULL DEFAULT '' COMMENT '\u4e3b\u9898',\n  `content` text COMMENT '\u5185\u5bb9',\n  `dateline` int(10) unsigned NOT NULL DEFAULT '0' COMMENT '\u6dfb\u52a0\u65f6\u95f4',\n  `bstatus` tinyint(1) unsigned NOT NULL DEFAULT '0' COMMENT '\u72b6\u6001',\n  PRIMARY KEY (`id`),\n  KEY `dateline` (`dateline`)\n) ENGINE=InnoDB AUTO_INCREMENT=4 DEFAULT CHARSET=utf8 COMMENT='hello'","sky_html":"CREATE TABLE `sky_html` (\n  `id` int(11) NOT NULL AUTO_INCREMENT,\n  `title` varchar(40) NOT NULL DEFAULT '' COMMENT '\u6807\u9898',\n  `word` varchar(32) NOT NULL DEFAULT '' COMMENT '\u8c03\u7528\u6807\u7b7e',\n  `dateline` int(11) NOT NULL DEFAULT '0' COMMENT '\u53d1\u5e03\u65f6\u95f4',\n  `info` text NOT NULL COMMENT '\u7b80\u4ecb',\n  `content` mediumtext COMMENT '\u5185\u5bb9',\n  `bstatus` tinyint(4) NOT NULL DEFAULT '1' COMMENT '\u72b6\u6001',\n  PRIMARY KEY (`id`),\n  KEY `word` (`word`)\n) ENGINE=InnoDB AUTO_INCREMENT=3 DEFAULT CHARSET=utf8 COMMENT='\u5355\u9875\u6a21\u5757'","sky_imgs":"CREATE TABLE `sky_imgs` (\n  `id` int(11) NOT NULL AUTO_INCREMENT,\n  `tablename` varchar(32) NOT NULL DEFAULT '\u8868\u540d',\n  `object_id` int(11) unsigned NOT NULL DEFAULT '0' COMMENT '\u8868id',\n  `imgurl` varchar(225) NOT NULL DEFAULT '' COMMENT '\u56fe\u7247',\n  `title` varchar(225) NOT NULL DEFAULT '' COMMENT '\u540d\u79f0',\n  `orderindex` tinyint(4) unsigned NOT NULL DEFAULT '0' COMMENT '\u6392\u5e8f',\n  PRIMARY KEY (`id`),\n  KEY `tablename` (`tablename`,`object_id`)\n) ENGINE=InnoDB AUTO_INCREMENT=16 DEFAULT CHARSET=utf8 COMMENT='\u56fe\u7247\u8868'","sky_link":"CREATE TABLE `sky_link` (\n  `id` int(10) unsigned NOT NULL AUTO_INCREMENT,\n  `title` varchar(50) NOT NULL COMMENT '\u540d\u79f0',\n  `link_url` varchar(100) NOT NULL DEFAULT '' COMMENT '\u94fe\u63a5',\n  `link_img` varchar(100) NOT NULL DEFAULT '' COMMENT '\u56fe\u7247',\n  `type_id` tinyint(4) NOT NULL DEFAULT '1' COMMENT '\u7c7b\u578b 1\u9996\u9875 2\u5185\u9875',\n  `orderindex` smallint(5) unsigned NOT NULL DEFAULT '0' COMMENT '\u6392\u5e8f',\n  `is_img` tinyint(4) NOT NULL DEFAULT '0' COMMENT '\u662f\u5426\u6709\u56fe 1\u662f 0\u5426',\n  PRIMARY KEY (`id`)\n) ENGINE=InnoDB AUTO_INCREMENT=2 DEFAULT CHARSET=utf8 COMMENT='\u53cb\u60c5\u94fe\u63a5'","sky_navbar":"CREATE TABLE `sky_navbar` (\n  `id` mediumint(8) unsigned NOT NULL AUTO_INCREMENT,\n  `title` varchar(40) NOT NULL DEFAULT '' COMMENT '\u540d\u79f0',\n  `orderindex` tinyint(4) unsigned NOT NULL DEFAULT '0' COMMENT '\u6392\u5e8f',\n  `link_url` varchar(100) NOT NULL DEFAULT '' COMMENT '\u94fe\u63a5',\n  `target` varchar(10) NOT NULL DEFAULT '' COMMENT '\u8df3\u8f6c\u65b9\u5f0f',\n  `pid` mediumint(9) unsigned NOT NULL DEFAULT '0' COMMENT '\u4e0a\u7ea7',\n  `group_id` tinyint(4) NOT NULL DEFAULT '1' COMMENT '\u6240\u5c5e\u7ec4 \u5982\u524d\u53f0 \u540e\u53f0',\n  `m` varchar(30) NOT NULL DEFAULT '' COMMENT 'm',\n  `a` varchar(30) NOT NULL DEFAULT '' COMMENT 'a',\n  `bstatus` tinyint(4) unsigned NOT NULL DEFAULT '1' COMMENT '\u72b6\u6001',\n  `logo` varchar(225) NOT NULL DEFAULT '' COMMENT '\u56fe\u6807',\n  `aclabel` varchar(16) NOT NULL DEFAULT '' COMMENT 'active\u6807\u7b7e',\n  `acvalue` varchar(16) NOT NULL DEFAULT '' COMMENT 'active\u503c',\n  PRIMARY KEY (`id`)\n) ENGINE=InnoDB AUTO_INCREMENT=24 DEFAULT CHARSET=utf8 COMMENT='\u5bfc\u822a\u7ba1\u7406'","sky_sites":"CREATE TABLE `sky_sites` (\n  `siteid` int(11) NOT NULL AUTO_INCREMENT,\n  `sitename` varchar(20) NOT NULL,\n  `domain` varchar(50) NOT NULL,\n  `is_open` tinyint(4) NOT NULL DEFAULT '1',\n  `title` varchar(255) NOT NULL,\n  `keywords` varchar(255) NOT NULL,\n  `description` varchar(225) NOT NULL,\n  `close_why` varchar(225) NOT NULL,\n  `logo` varchar(225) NOT NULL,\n  `icp` varchar(30) NOT NULL,\n  `status` tinyint(4) NOT NULL,\n  `template` varchar(225) NOT NULL DEFAULT 'index',\n  `statjs` varchar(225) NOT NULL,\n  `index_template` varchar(225) NOT NULL,\n  `wap_template` varchar(255) NOT NULL DEFAULT 'wap',\n  `wapbg` varchar(225) DEFAULT NULL,\n  PRIMARY KEY (`siteid`)\n) ENGINE=InnoDB AUTO_INCREMENT=2 DEFAULT CHARSET=utf8","sky_user":"CREATE TABLE `sky_user` (\n  `userid` int(11) unsigned NOT NULL AUTO_INCREMENT,\n  `nickname` varchar(16) NOT NULL DEFAULT '' COMMENT '\u6635\u79f0',\n  `username` varchar(16) NOT NULL DEFAULT '' COMMENT '\u7528\u6237\u540d',\n  `gender` tinyint(4) NOT NULL DEFAULT '1' COMMENT '\u6027\u522b',\n  `user_head` varchar(255) NOT NULL DEFAULT '\/static\/img\/head\/2019.jpg' COMMENT '\u5934\u50cf',\n  `last_time` datetime NOT NULL DEFAULT '1988-02-01 12:12:12' COMMENT '\u6700\u540e\u767b\u5f55\u65f6\u95f4',\n  `salt` varchar(6) NOT NULL DEFAULT '' COMMENT '\u52a0\u5bc6\u4e32',\n  `password` varchar(64) NOT NULL DEFAULT '' COMMENT '\u5bc6\u7801',\n  `telephone` varchar(16) NOT NULL,\n  `reg_time` datetime NOT NULL DEFAULT '2016-05-11 14:53:01' COMMENT '\u6ce8\u518c\u65f6\u95f4',\n  `bstatus` tinyint(1) unsigned NOT NULL DEFAULT '0',\n  PRIMARY KEY (`userid`),\n  KEY `username` (`username`),\n  KEY `nickname` (`nickname`)\n) ENGINE=InnoDB AUTO_INCREMENT=223 DEFAULT CHARSET=utf8 COMMENT='\u7528\u6237\u8868'"}